tool,scenario,round,exit,elapsed_s,max_rss_kib,read,read_failed,write,write_failed,ops_per_s,avg_latency_ms
net,prepare,0,0,2.023,114132,0,0,1024,0,17.067,1874.963
rs,prepare,0,0,2.022,61892,0,0,1024,0,17.067,1874.963
net,put,1,0,61.561,129408,0,0,26952,0,449.200,71.238
rs,put,1,0,60.519,63896,0,0,23997,0,399.950,80.010
net,get,1,0,60.592,528980,55276,0,0,0,921.267,34.735
rs,get,1,0,60.567,46688,86582,0,0,0,1443.033,22.176
net,mix,1,0,61.108,358220,19536,0,19566,0,651.700,49.102
rs,mix,1,0,60.537,63576,18448,0,18471,0,615.317,52.006
rs,put,2,0,60.524,63304,0,0,22205,0,370.083,86.467
net,put,2,0,61.053,134288,0,0,23619,0,393.650,81.290
rs,get,2,0,60.584,47228,85171,0,0,0,1419.517,22.543
net,get,2,0,60.611,588728,54409,0,0,0,906.817,35.288
rs,mix,2,0,60.552,62688,19357,0,19384,0,645.683,49.560
net,mix,2,0,61.073,355140,19040,0,19072,0,635.200,50.378
net,put,3,0,61.536,133928,0,0,23732,0,395.533,80.903
rs,put,3,0,60.537,63492,0,0,21850,0,364.167,87.872
net,get,3,0,60.599,518064,54895,0,0,0,914.917,34.976
rs,get,3,0,60.562,50164,85904,0,0,0,1431.733,22.351
net,mix,3,0,61.090,321292,19262,0,19279,0,642.350,49.817
rs,mix,3,0,60.538,62652,18933,0,18965,0,631.633,50.662
